response,sampled_responses,prompt,exact_match,cosine_sim,semantic_negentropy,noncontradiction,sortie_traitee,incertitude,semantique,correspondance_exacte,cosinus,contradiction,combinee,decision_agent
145,"['145', '145', '145', '145 bananas', '145 bananas']","Lorsque vous résolvez ce problème mathématique, ne retournez que la réponse sans texte supplémentaire.
There are 87 oranges and 290 bananas in Philip's collection. If the bananas are organized into 2 groups and oranges are organized into 93 groups How big is each group of bananas?",0.6,0.9166373,1.0,0.954624080657959,145,0.0,0.0,0.4,0.08336269855499268,0.04537591934204099,0.1611208995183309,"ACCEPTER L'incertitude est très faible (0.000), donc la réponse est probablement fiable."
19 pounds,"['19 pounds.', '19 pounds', 'Les fraises de Marco pesaient 19 livres.', 'Les fraises de Marco pesaient 19 livres.', '19 pounds']","Lorsque vous résolvez ce problème mathématique, ne retournez que la réponse sans texte supplémentaire.
Marco and his dad went strawberry picking. Marco's dad's strawberries weighed 11 pounds. If together their strawberries weighed 30 pounds. How much did Marco's strawberries weigh?",0.4,0.8362233,0.644754678724236,0.6549438595771789,19,0.355245321275764,0.355245321275764,0.6,0.163776695728302,0.34505614042282107,0.3730073390013553,"REFORMULER L'incertitude est modérée (0.355), reformuler la réponse est recommandé."
$3,"['Les livres coûtaient $3 chacun.', '$3', '$3', 'Les livres coûtaient $3 chacun.', 'Chaque livre a coûté $3.']","Lorsque vous résolvez ce problème mathématique, ne retournez que la réponse sans texte supplémentaire.
Edward spent $ 6 to buy 2 books each book costing him the same amount of money. Now he has $ 12. How much did each book cost?",0.4,0.78917044,1.0,0.9967367649078369,3,0.0,0.0,0.6,0.21082955598831177,0.003263235092163086,0.2702765186627706,"ACCEPTER L'incertitude est extrêmement basse (0.000), indiquant une très grande confiance dans la réponse."
198,"['198 pages', '198', '198 pages', '198', '198 pages']","Lorsque vous résolvez ce problème mathématique, ne retournez que la réponse sans texte supplémentaire.
Frank was reading through his favorite book. The book had 3 chapters, each with the same number of pages. It has a total of 594 pages. It took Frank 607 days to finish the book. How many pages are in each chapter?",0.4,0.8986014,1.0,0.9926787853240967,198,0.0,0.0,0.6,0.10139858722686768,0.007321214675903298,0.23379952907562254,"ACCEPTER L'incertitude est extrêmement faible (0.000), la réponse est acceptée."
63,"['63 dollars', '63 dollars', '63 dollars.', '63', '63']","Lorsque vous résolvez ce problème mathématique, ne retournez que la réponse sans texte supplémentaire.
There were 78 dollars in Olivia's wallet. She spent 15 dollars at a supermarket. How much money does she have left?",0.4,0.90943944,1.0,0.993077301979065,63,0.0,0.0,0.6,0.09056055545806885,0.006922698020935036,0.23018685181935628,"ACCEPTER L'incertitude est extrêmement basse (0.000), la réponse est jugée fiable."
